-- phpMyAdmin SQL Dump
-- version 5.2.1
-- https://www.phpmyadmin.net/
--
-- Host: localhost
-- Generation Time: Jan 01, 2025 at 05:10 PM
-- Server version: 8.0.39
-- PHP Version: 8.2.4

SET SQL_MODE = "NO_AUTO_VALUE_ON_ZERO";
START TRANSACTION;
SET time_zone = "+00:00";


/*!40101 SET @OLD_CHARACTER_SET_CLIENT=@@CHARACTER_SET_CLIENT */;
/*!40101 SET @OLD_CHARACTER_SET_RESULTS=@@CHARACTER_SET_RESULTS */;
/*!40101 SET @OLD_COLLATION_CONNECTION=@@COLLATION_CONNECTION */;
/*!40101 SET NAMES utf8mb4 */;

--
-- Database: `school_management_system`
--

-- --------------------------------------------------------

--
-- Table structure for table `class`
--

CREATE TABLE `class` (
  `id` int NOT NULL,
  `class_name` varchar(50) COLLATE utf8mb4_general_ci NOT NULL
) ENGINE=InnoDB DEFAULT CHARSET=utf8mb4 COLLATE=utf8mb4_general_ci;

--
-- Dumping data for table `class`
--

INSERT INTO `class` (`id`, `class_name`) VALUES
(1, 'Class 1'),
(2, 'Class 2'),
(3, 'Class 3'),
(4, 'Class 4'),
(5, 'Class 5');

-- --------------------------------------------------------

--
-- Table structure for table `class_fees`
--

CREATE TABLE `class_fees` (
  `id` int NOT NULL,
  `class_id` int NOT NULL,
  `financial_year` varchar(9) COLLATE utf8mb4_general_ci NOT NULL,
  `fees_amount` decimal(10,2) NOT NULL
) ENGINE=InnoDB DEFAULT CHARSET=utf8mb4 COLLATE=utf8mb4_general_ci;

--
-- Dumping data for table `class_fees`
--

INSERT INTO `class_fees` (`id`, `class_id`, `financial_year`, `fees_amount`) VALUES
(1, 1, '2023-2024', 15000.00),
(2, 2, '2023-2024', 16000.00),
(3, 3, '2023-2024', 17000.00),
(4, 4, '2023-2024', 18000.00),
(5, 5, '2023-2024', 20000.00);

-- --------------------------------------------------------

--
-- Table structure for table `fees_submit`
--

CREATE TABLE `fees_submit` (
  `id` int NOT NULL,
  `student_id` int NOT NULL,
  `submit_date` date NOT NULL,
  `amount_paid` decimal(10,2) NOT NULL
) ENGINE=InnoDB DEFAULT CHARSET=utf8mb4 COLLATE=utf8mb4_general_ci;

--
-- Dumping data for table `fees_submit`
--

INSERT INTO `fees_submit` (`id`, `student_id`, `submit_date`, `amount_paid`) VALUES
(1, 1, '2023-04-05', 1500.00),
(2, 1, '2023-05-05', 1500.00),
(3, 1, '2023-06-05', 1500.00),
(4, 1, '2023-07-05', 1500.00),
(5, 1, '2023-08-05', 1500.00),
(6, 1, '2023-09-05', 1500.00),
(7, 1, '2023-10-05', 1500.00),
(8, 1, '2023-11-05', 1500.00),
(9, 1, '2023-12-05', 1500.00),
(10, 1, '2024-01-05', 1500.00),
(11, 1, '2024-02-05', 1500.00),
(12, 1, '2024-03-05', 1500.00),
(13, 2, '2023-04-05', 1500.00),
(14, 2, '2023-05-05', 1500.00),
(15, 2, '2023-06-05', 1500.00),
(16, 2, '2023-07-05', 1500.00),
(17, 2, '2023-08-05', 1500.00),
(18, 2, '2023-09-05', 1500.00),
(19, 2, '2023-10-05', 1500.00),
(20, 2, '2023-11-05', 1500.00),
(21, 2, '2023-12-05', 1500.00),
(22, 2, '2024-01-05', 1500.00),
(23, 2, '2024-02-05', 1500.00),
(24, 2, '2024-03-05', 1500.00),
(25, 3, '2023-04-05', 1500.00),
(26, 3, '2023-05-05', 1500.00),
(27, 3, '2023-06-05', 1500.00),
(28, 3, '2023-07-05', 1500.00),
(29, 3, '2023-08-05', 1500.00),
(30, 3, '2023-09-05', 1500.00),
(31, 3, '2023-10-05', 1500.00),
(32, 3, '2023-11-05', 1500.00),
(33, 3, '2023-12-05', 1500.00),
(34, 3, '2024-01-05', 1500.00),
(35, 3, '2024-02-05', 1500.00),
(36, 3, '2024-03-05', 1500.00),
(37, 4, '2023-04-05', 1500.00),
(38, 4, '2023-05-05', 1500.00),
(39, 4, '2023-06-05', 1500.00),
(40, 4, '2023-07-05', 1500.00),
(41, 4, '2023-08-05', 1500.00),
(42, 4, '2023-09-05', 1500.00),
(43, 4, '2023-10-05', 1500.00),
(44, 4, '2023-11-05', 1500.00),
(45, 4, '2023-12-05', 1500.00),
(46, 4, '2024-01-05', 1500.00),
(47, 4, '2024-02-05', 1500.00),
(48, 4, '2024-03-05', 1500.00),
(49, 5, '2023-04-05', 1500.00),
(50, 5, '2023-05-05', 1500.00),
(51, 5, '2023-06-05', 1500.00),
(52, 5, '2023-07-05', 1500.00),
(53, 5, '2023-08-05', 1500.00),
(54, 5, '2023-09-05', 1500.00),
(55, 5, '2023-10-05', 1500.00),
(56, 5, '2023-11-05', 1500.00),
(57, 5, '2023-12-05', 1500.00),
(58, 5, '2024-01-05', 1500.00),
(59, 5, '2024-02-05', 1500.00),
(60, 5, '2024-03-05', 1500.00),
(61, 6, '2023-04-05', 1500.00),
(62, 6, '2023-05-05', 1500.00),
(63, 6, '2023-06-05', 1500.00),
(64, 6, '2023-07-05', 1500.00),
(65, 6, '2023-08-05', 1500.00),
(66, 6, '2023-09-05', 1500.00),
(67, 6, '2023-10-05', 1500.00),
(68, 6, '2023-11-05', 1500.00),
(69, 6, '2023-12-05', 1500.00),
(70, 6, '2024-01-05', 1500.00),
(71, 6, '2024-02-05', 1500.00),
(72, 6, '2024-03-05', 1500.00),
(73, 7, '2023-04-05', 1500.00),
(74, 7, '2023-05-05', 1500.00),
(75, 7, '2023-06-05', 1500.00),
(76, 7, '2023-07-05', 1500.00),
(77, 7, '2023-08-05', 1500.00),
(78, 7, '2023-09-05', 1500.00),
(79, 7, '2023-10-05', 1500.00),
(80, 7, '2023-11-05', 1500.00),
(81, 7, '2023-12-05', 1500.00),
(82, 7, '2024-01-05', 1500.00),
(83, 7, '2024-02-05', 1500.00),
(84, 7, '2024-03-05', 1500.00),
(85, 8, '2023-04-05', 1500.00),
(86, 8, '2023-05-05', 1500.00),
(87, 8, '2023-06-05', 1500.00),
(88, 8, '2023-07-05', 1500.00),
(89, 8, '2023-08-05', 1500.00),
(90, 8, '2023-09-05', 1500.00),
(91, 8, '2023-10-05', 1500.00),
(92, 8, '2023-11-05', 1500.00),
(93, 8, '2023-12-05', 1500.00),
(94, 8, '2024-01-05', 1500.00),
(95, 8, '2024-02-05', 1500.00),
(96, 8, '2024-03-05', 1500.00),
(97, 9, '2023-04-05', 1500.00),
(98, 9, '2023-05-05', 1500.00),
(99, 9, '2023-06-05', 1500.00),
(100, 9, '2023-07-05', 1500.00),
(101, 9, '2023-08-05', 1500.00),
(102, 9, '2023-09-05', 1500.00),
(103, 9, '2023-10-05', 1500.00),
(104, 9, '2023-11-05', 1500.00),
(105, 9, '2023-12-05', 1500.00),
(106, 9, '2024-01-05', 1500.00),
(107, 9, '2024-02-05', 1500.00),
(108, 9, '2024-03-05', 1500.00),
(109, 10, '2023-04-05', 1500.00),
(110, 10, '2023-05-05', 1500.00),
(111, 10, '2023-06-05', 1500.00),
(112, 10, '2023-07-05', 1500.00),
(113, 10, '2023-08-05', 1500.00),
(114, 10, '2023-09-05', 1500.00),
(115, 10, '2023-10-05', 1500.00),
(116, 10, '2023-11-05', 1500.00),
(117, 10, '2023-12-05', 1500.00),
(118, 10, '2024-01-05', 1500.00),
(119, 10, '2024-02-05', 1500.00),
(120, 10, '2024-03-05', 1500.00),
(121, 11, '2023-04-05', 1500.00),
(122, 11, '2023-05-05', 1500.00),
(123, 11, '2023-06-05', 1500.00),
(124, 11, '2023-07-05', 1500.00),
(125, 11, '2023-08-05', 1500.00),
(126, 11, '2023-09-05', 1500.00),
(127, 11, '2023-10-05', 1500.00),
(128, 11, '2023-11-05', 1500.00),
(129, 11, '2023-12-05', 1500.00),
(130, 11, '2024-01-05', 1500.00),
(131, 11, '2024-02-05', 1500.00),
(132, 11, '2024-03-05', 1500.00),
(133, 12, '2023-04-05', 1500.00),
(134, 12, '2023-05-05', 1500.00),
(135, 12, '2023-06-05', 1500.00),
(136, 12, '2023-07-05', 1500.00),
(137, 12, '2023-08-05', 1500.00),
(138, 12, '2023-09-05', 1500.00),
(139, 12, '2023-10-05', 1500.00),
(140, 12, '2023-11-05', 1500.00),
(141, 12, '2023-12-05', 1500.00),
(142, 12, '2024-01-05', 1500.00),
(143, 12, '2024-02-05', 1500.00),
(144, 12, '2024-03-05', 1500.00),
(145, 13, '2023-04-05', 1500.00),
(146, 13, '2023-05-05', 1500.00),
(147, 13, '2023-06-05', 1500.00),
(148, 13, '2023-07-05', 1500.00),
(149, 13, '2023-08-05', 1500.00),
(150, 13, '2023-09-05', 1500.00),
(151, 13, '2023-10-05', 1500.00),
(152, 13, '2023-11-05', 1500.00),
(153, 13, '2023-12-05', 1500.00),
(154, 13, '2024-01-05', 1500.00),
(155, 13, '2024-02-05', 1500.00),
(156, 13, '2024-03-05', 1500.00),
(157, 14, '2023-04-05', 1500.00),
(158, 14, '2023-05-05', 1500.00),
(159, 14, '2023-06-05', 1500.00),
(160, 14, '2023-07-05', 1500.00),
(161, 14, '2023-08-05', 1500.00),
(162, 14, '2023-09-05', 1500.00),
(163, 14, '2023-10-05', 1500.00),
(164, 14, '2023-11-05', 1500.00),
(165, 14, '2023-12-05', 1500.00),
(166, 14, '2024-01-05', 1500.00),
(167, 14, '2024-02-05', 1500.00),
(168, 14, '2024-03-05', 1500.00),
(169, 15, '2023-04-05', 1500.00),
(170, 15, '2023-05-05', 1500.00),
(171, 15, '2023-06-05', 1500.00),
(172, 15, '2023-07-05', 1500.00),
(173, 15, '2023-08-05', 1500.00),
(174, 15, '2023-09-05', 1500.00),
(175, 15, '2023-10-05', 1500.00),
(176, 15, '2023-11-05', 1500.00),
(177, 15, '2023-12-05', 1500.00),
(178, 15, '2024-01-05', 1500.00),
(179, 15, '2024-02-05', 1500.00),
(180, 15, '2024-03-05', 1500.00),
(181, 16, '2023-04-05', 1500.00),
(182, 16, '2023-05-05', 1500.00),
(183, 16, '2023-06-05', 1500.00),
(184, 16, '2023-07-05', 1500.00),
(185, 16, '2023-08-05', 1500.00),
(186, 16, '2023-09-05', 1500.00),
(187, 16, '2023-10-05', 1500.00),
(188, 16, '2023-11-05', 1500.00),
(189, 16, '2023-12-05', 1500.00),
(190, 16, '2024-01-05', 1500.00),
(191, 16, '2024-02-05', 1500.00),
(192, 16, '2024-03-05', 1500.00),
(193, 17, '2023-04-05', 1500.00),
(194, 17, '2023-05-05', 1500.00),
(195, 17, '2023-06-05', 1500.00),
(196, 17, '2023-07-05', 1500.00),
(197, 17, '2023-08-05', 1500.00),
(198, 17, '2023-09-05', 1500.00),
(199, 17, '2023-10-05', 1500.00),
(200, 17, '2023-11-05', 1500.00),
(201, 17, '2023-12-05', 1500.00),
(202, 17, '2024-01-05', 1500.00),
(203, 17, '2024-02-05', 1500.00),
(204, 17, '2024-03-05', 1500.00),
(205, 18, '2023-04-05', 1500.00),
(206, 18, '2023-05-05', 1500.00),
(207, 18, '2023-06-05', 1500.00),
(208, 18, '2023-07-05', 1500.00),
(209, 18, '2023-08-05', 1500.00),
(210, 18, '2023-09-05', 1500.00),
(211, 18, '2023-10-05', 1500.00),
(212, 18, '2023-11-05', 1500.00),
(213, 18, '2023-12-05', 1500.00),
(214, 18, '2024-01-05', 1500.00),
(215, 18, '2024-02-05', 1500.00),
(216, 18, '2024-03-05', 1500.00),
(217, 19, '2023-04-05', 1500.00),
(218, 19, '2023-05-05', 1500.00),
(219, 19, '2023-06-05', 1500.00),
(220, 19, '2023-07-05', 1500.00),
(221, 19, '2023-08-05', 1500.00),
(222, 19, '2023-09-05', 1500.00),
(223, 19, '2023-10-05', 1500.00),
(224, 19, '2023-11-05', 1500.00),
(225, 19, '2023-12-05', 1500.00),
(226, 19, '2024-01-05', 1500.00),
(227, 19, '2024-02-05', 1500.00),
(228, 19, '2024-03-05', 1500.00),
(229, 20, '2023-04-05', 1500.00),
(230, 20, '2023-05-05', 1500.00),
(231, 20, '2023-06-05', 1500.00),
(232, 20, '2023-07-05', 1500.00),
(233, 20, '2023-08-05', 1500.00),
(234, 20, '2023-09-05', 1500.00),
(235, 20, '2023-10-05', 1500.00),
(236, 20, '2023-11-05', 1500.00),
(237, 20, '2023-12-05', 1500.00),
(238, 20, '2024-01-05', 1500.00),
(239, 20, '2024-02-05', 1500.00),
(240, 20, '2024-03-05', 1500.00),
(241, 21, '2023-04-05', 1500.00),
(242, 21, '2023-05-05', 1500.00),
(243, 21, '2023-06-05', 1500.00),
(244, 21, '2023-07-05', 1500.00),
(245, 21, '2023-08-05', 1500.00),
(246, 21, '2023-09-05', 1500.00),
(247, 21, '2023-10-05', 1500.00),
(248, 21, '2023-11-05', 1500.00),
(249, 21, '2023-12-05', 1500.00),
(250, 21, '2024-01-05', 1500.00),
(251, 21, '2024-02-05', 1500.00),
(252, 21, '2024-03-05', 1500.00),
(253, 22, '2023-04-05', 1500.00),
(254, 22, '2023-05-05', 1500.00),
(255, 22, '2023-06-05', 1500.00),
(256, 22, '2023-07-05', 1500.00),
(257, 22, '2023-08-05', 1500.00),
(258, 22, '2023-09-05', 1500.00),
(259, 22, '2023-10-05', 1500.00),
(260, 22, '2023-11-05', 1500.00),
(261, 22, '2023-12-05', 1500.00),
(262, 22, '2024-01-05', 1500.00),
(263, 22, '2024-02-05', 1500.00),
(264, 22, '2024-03-05', 1500.00),
(265, 23, '2023-04-05', 1500.00),
(266, 23, '2023-05-05', 1500.00),
(267, 23, '2023-06-05', 1500.00),
(268, 23, '2023-07-05', 1500.00),
(269, 23, '2023-08-05', 1500.00),
(270, 23, '2023-09-05', 1500.00),
(271, 23, '2023-10-05', 1500.00),
(272, 23, '2023-11-05', 1500.00),
(273, 23, '2023-12-05', 1500.00),
(274, 23, '2024-01-05', 1500.00),
(275, 23, '2024-02-05', 1500.00),
(276, 23, '2024-03-05', 1500.00),
(277, 24, '2023-04-05', 1500.00),
(278, 24, '2023-05-05', 1500.00),
(279, 24, '2023-06-05', 1500.00),
(280, 24, '2023-07-05', 1500.00),
(281, 24, '2023-08-05', 1500.00),
(282, 24, '2023-09-05', 1500.00),
(283, 24, '2023-10-05', 1500.00),
(284, 24, '2023-11-05', 1500.00),
(285, 24, '2023-12-05', 1500.00),
(286, 24, '2024-01-05', 1500.00),
(287, 24, '2024-02-05', 1500.00),
(288, 24, '2024-03-05', 1500.00),
(289, 25, '2023-04-05', 1500.00),
(290, 25, '2023-05-05', 1500.00),
(291, 25, '2023-06-05', 1500.00),
(292, 25, '2023-07-05', 1500.00),
(293, 25, '2023-08-05', 1500.00),
(294, 25, '2023-09-05', 1500.00),
(295, 25, '2023-10-05', 1500.00),
(296, 25, '2023-11-05', 1500.00),
(297, 25, '2023-12-05', 1500.00),
(298, 25, '2024-01-05', 1500.00),
(299, 25, '2024-02-05', 1500.00),
(300, 25, '2024-03-05', 1500.00),
(301, 26, '2023-04-05', 1500.00),
(302, 26, '2023-05-05', 1500.00),
(303, 26, '2023-06-05', 1500.00),
(304, 26, '2023-07-05', 1500.00),
(305, 26, '2023-08-05', 1500.00),
(306, 26, '2023-09-05', 1500.00),
(307, 26, '2023-10-05', 1500.00),
(308, 26, '2023-11-05', 1500.00),
(309, 26, '2023-12-05', 1500.00),
(310, 26, '2024-01-05', 1500.00),
(311, 26, '2024-02-05', 1500.00),
(312, 26, '2024-03-05', 1500.00),
(313, 27, '2023-04-05', 1500.00),
(314, 27, '2023-05-05', 1500.00),
(315, 27, '2023-06-05', 1500.00),
(316, 27, '2023-07-05', 1500.00),
(317, 27, '2023-08-05', 1500.00),
(318, 27, '2023-09-05', 1500.00),
(319, 27, '2023-10-05', 1500.00),
(320, 27, '2023-11-05', 1500.00),
(321, 27, '2023-12-05', 1500.00),
(322, 27, '2024-01-05', 1500.00),
(323, 27, '2024-02-05', 1500.00),
(324, 27, '2024-03-05', 1500.00),
(325, 28, '2023-04-05', 1500.00),
(326, 28, '2023-05-05', 1500.00),
(327, 28, '2023-06-05', 1500.00),
(328, 28, '2023-07-05', 1500.00),
(329, 28, '2023-08-05', 1500.00),
(330, 28, '2023-09-05', 1500.00),
(331, 28, '2023-10-05', 1500.00),
(332, 28, '2023-11-05', 1500.00),
(333, 28, '2023-12-05', 1500.00),
(334, 28, '2024-01-05', 1500.00),
(335, 28, '2024-02-05', 1500.00),
(336, 28, '2024-03-05', 1500.00),
(337, 29, '2023-04-05', 1500.00),
(338, 29, '2023-05-05', 1500.00),
(339, 29, '2023-06-05', 1500.00),
(340, 29, '2023-07-05', 1500.00),
(341, 29, '2023-08-05', 1500.00),
(342, 29, '2023-09-05', 1500.00),
(343, 29, '2023-10-05', 1500.00),
(344, 29, '2023-11-05', 1500.00),
(345, 29, '2023-12-05', 1500.00),
(346, 29, '2024-01-05', 1500.00),
(347, 29, '2024-02-05', 1500.00),
(348, 29, '2024-03-05', 1500.00),
(349, 30, '2023-04-05', 1500.00),
(350, 30, '2023-05-05', 1500.00),
(351, 30, '2023-06-05', 1500.00),
(352, 30, '2023-07-05', 1500.00),
(353, 30, '2023-08-05', 1500.00),
(354, 30, '2023-09-05', 1500.00),
(355, 30, '2023-10-05', 1500.00),
(356, 30, '2023-11-05', 1500.00),
(357, 30, '2023-12-05', 1500.00),
(358, 30, '2024-01-05', 1500.00),
(359, 30, '2024-02-05', 1500.00),
(360, 30, '2024-03-05', 1500.00),
(361, 31, '2023-04-05', 1500.00),
(362, 31, '2023-05-05', 1500.00),
(363, 31, '2023-06-05', 1500.00),
(364, 31, '2023-07-05', 1500.00),
(365, 31, '2023-08-05', 1500.00),
(366, 31, '2023-09-05', 1500.00),
(367, 31, '2023-10-05', 1500.00),
(368, 31, '2023-11-05', 1500.00),
(369, 31, '2023-12-05', 1500.00),
(370, 31, '2024-01-05', 1500.00),
(371, 31, '2024-02-05', 1500.00),
(372, 31, '2024-03-05', 1500.00),
(373, 32, '2023-04-05', 1500.00),
(374, 32, '2023-05-05', 1500.00),
(375, 32, '2023-06-05', 1500.00),
(376, 32, '2023-07-05', 1500.00),
(377, 32, '2023-08-05', 1500.00),
(378, 32, '2023-09-05', 1500.00),
(379, 32, '2023-10-05', 1500.00),
(380, 32, '2023-11-05', 1500.00),
(381, 32, '2023-12-05', 1500.00),
(382, 32, '2024-01-05', 1500.00),
(383, 32, '2024-02-05', 1500.00),
(384, 32, '2024-03-05', 1500.00),
(385, 33, '2023-04-05', 1500.00),
(386, 33, '2023-05-05', 1500.00),
(387, 33, '2023-06-05', 1500.00),
(388, 33, '2023-07-05', 1500.00),
(389, 33, '2023-08-05', 1500.00),
(390, 33, '2023-09-05', 1500.00),
(391, 33, '2023-10-05', 1500.00),
(392, 33, '2023-11-05', 1500.00),
(393, 33, '2023-12-05', 1500.00),
(394, 33, '2024-01-05', 1500.00),
(395, 33, '2024-02-05', 1500.00),
(396, 33, '2024-03-05', 1500.00),
(397, 34, '2023-04-05', 1500.00),
(398, 34, '2023-05-05', 1500.00),
(399, 34, '2023-06-05', 1500.00),
(400, 34, '2023-07-05', 1500.00),
(401, 34, '2023-08-05', 1500.00),
(402, 34, '2023-09-05', 1500.00),
(403, 34, '2023-10-05', 1500.00),
(404, 34, '2023-11-05', 1500.00),
(405, 34, '2023-12-05', 1500.00),
(406, 34, '2024-01-05', 1500.00),
(407, 34, '2024-02-05', 1500.00),
(408, 34, '2024-03-05', 1500.00),
(409, 35, '2023-04-05', 1500.00),
(410, 35, '2023-05-05', 1500.00),
(411, 35, '2023-06-05', 1500.00),
(412, 35, '2023-07-05', 1500.00),
(413, 35, '2023-08-05', 1500.00),
(414, 35, '2023-09-05', 1500.00),
(415, 35, '2023-10-05', 1500.00),
(416, 35, '2023-11-05', 1500.00),
(417, 35, '2023-12-05', 1500.00),
(418, 35, '2024-01-05', 1500.00),
(419, 35, '2024-02-05', 1500.00),
(420, 35, '2024-03-05', 1500.00),
(421, 36, '2023-04-05', 1500.00),
(422, 36, '2023-05-05', 1500.00),
(423, 36, '2023-06-05', 1500.00),
(424, 36, '2023-07-05', 1500.00),
(425, 36, '2023-08-05', 1500.00),
(426, 36, '2023-09-05', 1500.00),
(427, 36, '2023-10-05', 1500.00),
(428, 36, '2023-11-05', 1500.00),
(429, 36, '2023-12-05', 1500.00),
(430, 36, '2024-01-05', 1500.00),
(431, 36, '2024-02-05', 1500.00),
(432, 36, '2024-03-05', 1500.00),
(433, 37, '2023-04-05', 1500.00),
(434, 37, '2023-05-05', 1500.00),
(435, 37, '2023-06-05', 1500.00),
(436, 37, '2023-07-05', 1500.00),
(437, 37, '2023-08-05', 1500.00),
(438, 37, '2023-09-05', 1500.00),
(439, 37, '2023-10-05', 1500.00),
(440, 37, '2023-11-05', 1500.00),
(441, 37, '2023-12-05', 1500.00),
(442, 37, '2024-01-05', 1500.00),
(443, 37, '2024-02-05', 1500.00),
(444, 37, '2024-03-05', 1500.00),
(445, 38, '2023-04-05', 1500.00),
(446, 38, '2023-05-05', 1500.00),
(447, 38, '2023-06-05', 1500.00),
(448, 38, '2023-07-05', 1500.00),
(449, 38, '2023-08-05', 1500.00),
(450, 38, '2023-09-05', 1500.00),
(451, 38, '2023-10-05', 1500.00),
(452, 38, '2023-11-05', 1500.00),
(453, 38, '2023-12-05', 1500.00),
(454, 38, '2024-01-05', 1500.00),
(455, 38, '2024-02-05', 1500.00),
(456, 38, '2024-03-05', 1500.00),
(457, 39, '2023-04-05', 1500.00),
(458, 39, '2023-05-05', 1500.00),
(459, 39, '2023-06-05', 1500.00),
(460, 39, '2023-07-05', 1500.00),
(461, 39, '2023-08-05', 1500.00),
(462, 39, '2023-09-05', 1500.00),
(463, 39, '2023-10-05', 1500.00),
(464, 39, '2023-11-05', 1500.00),
(465, 39, '2023-12-05', 1500.00),
(466, 39, '2024-01-05', 1500.00),
(467, 39, '2024-02-05', 1500.00),
(468, 39, '2024-03-05', 1500.00),
(469, 40, '2023-04-05', 1500.00),
(470, 40, '2023-05-05', 1500.00),
(471, 40, '2023-06-05', 1500.00),
(472, 40, '2023-07-05', 1500.00),
(473, 40, '2023-08-05', 1500.00),
(474, 40, '2023-09-05', 1500.00),
(475, 40, '2023-10-05', 1500.00),
(476, 40, '2023-11-05', 1500.00),
(477, 40, '2023-12-05', 1500.00),
(478, 40, '2024-01-05', 1500.00),
(479, 40, '2024-02-05', 1500.00),
(480, 40, '2024-03-05', 1500.00),
(481, 41, '2023-04-05', 1500.00),
(482, 41, '2023-05-05', 1500.00),
(483, 41, '2023-06-05', 1500.00),
(484, 41, '2023-07-05', 1500.00),
(485, 41, '2023-08-05', 1500.00),
(486, 41, '2023-09-05', 1500.00),
(487, 41, '2023-10-05', 1500.00),
(488, 41, '2023-11-05', 1500.00),
(489, 41, '2023-12-05', 1500.00),
(490, 41, '2024-01-05', 1500.00),
(491, 41, '2024-02-05', 1500.00),
(492, 41, '2024-03-05', 1500.00),
(493, 42, '2023-04-05', 1500.00),
(494, 42, '2023-05-05', 1500.00),
(495, 42, '2023-06-05', 1500.00),
(496, 42, '2023-07-05', 1500.00),
(497, 42, '2023-08-05', 1500.00),
(498, 42, '2023-09-05', 1500.00),
(499, 42, '2023-10-05', 1500.00),
(500, 42, '2023-11-05', 1500.00),
(501, 42, '2023-12-05', 1500.00),
(502, 42, '2024-01-05', 1500.00),
(503, 42, '2024-02-05', 1500.00),
(504, 42, '2024-03-05', 1500.00),
(505, 43, '2023-04-05', 1500.00),
(506, 43, '2023-05-05', 1500.00),
(507, 43, '2023-06-05', 1500.00),
(508, 43, '2023-07-05', 1500.00),
(509, 43, '2023-08-05', 1500.00),
(510, 43, '2023-09-05', 1500.00),
(511, 43, '2023-10-05', 1500.00),
(512, 43, '2023-11-05', 1500.00),
(513, 43, '2023-12-05', 1500.00),
(514, 43, '2024-01-05', 1500.00),
(515, 43, '2024-02-05', 1500.00),
(516, 43, '2024-03-05', 1500.00),
(517, 44, '2023-04-05', 1500.00),
(518, 44, '2023-05-05', 1500.00),
(519, 44, '2023-06-05', 1500.00),
(520, 44, '2023-07-05', 1500.00),
(521, 44, '2023-08-05', 1500.00),
(522, 44, '2023-09-05', 1500.00),
(523, 44, '2023-10-05', 1500.00),
(524, 44, '2023-11-05', 1500.00),
(525, 44, '2023-12-05', 1500.00),
(526, 44, '2024-01-05', 1500.00),
(527, 44, '2024-02-05', 1500.00),
(528, 44, '2024-03-05', 1500.00),
(529, 45, '2023-04-05', 1500.00),
(530, 45, '2023-05-05', 1500.00),
(531, 45, '2023-06-05', 1500.00),
(532, 45, '2023-07-05', 1500.00),
(533, 45, '2023-08-05', 1500.00),
(534, 45, '2023-09-05', 1500.00),
(535, 45, '2023-10-05', 1500.00),
(536, 45, '2023-11-05', 1500.00),
(537, 45, '2023-12-05', 1500.00),
(538, 45, '2024-01-05', 1500.00),
(539, 45, '2024-02-05', 1500.00),
(540, 45, '2024-03-05', 1500.00),
(541, 46, '2023-04-05', 1500.00),
(542, 46, '2023-05-05', 1500.00),
(543, 46, '2023-06-05', 1500.00),
(544, 46, '2023-07-05', 1500.00),
(545, 46, '2023-08-05', 1500.00),
(546, 46, '2023-09-05', 1500.00),
(547, 46, '2023-10-05', 1500.00),
(548, 46, '2023-11-05', 1500.00),
(549, 46, '2023-12-05', 1500.00),
(550, 46, '2024-01-05', 1500.00),
(551, 46, '2024-02-05', 1500.00),
(552, 46, '2024-03-05', 1500.00),
(553, 47, '2023-04-05', 1500.00),
(554, 47, '2023-05-05', 1500.00),
(555, 47, '2023-06-05', 1500.00),
(556, 47, '2023-07-05', 1500.00),
(557, 47, '2023-08-05', 1500.00),
(558, 47, '2023-09-05', 1500.00),
(559, 47, '2023-10-05', 1500.00),
(560, 47, '2023-11-05', 1500.00),
(561, 47, '2023-12-05', 1500.00),
(562, 47, '2024-01-05', 1500.00),
(563, 47, '2024-02-05', 1500.00),
(564, 47, '2024-03-05', 1500.00),
(565, 48, '2023-04-05', 1500.00),
(566, 48, '2023-05-05', 1500.00),
(567, 48, '2023-06-05', 1500.00),
(568, 48, '2023-07-05', 1500.00),
(569, 48, '2023-08-05', 1500.00),
(570, 48, '2023-09-05', 1500.00),
(571, 48, '2023-10-05', 1500.00),
(572, 48, '2023-11-05', 1500.00),
(573, 48, '2023-12-05', 1500.00),
(574, 48, '2024-01-05', 1500.00),
(575, 48, '2024-02-05', 1500.00),
(576, 48, '2024-03-05', 1500.00),
(577, 49, '2023-04-05', 1500.00),
(578, 49, '2023-05-05', 1500.00),
(579, 49, '2023-06-05', 1500.00),
(580, 49, '2023-07-05', 1500.00),
(581, 49, '2023-08-05', 1500.00),
(582, 49, '2023-09-05', 1500.00),
(583, 49, '2023-10-05', 1500.00),
(584, 49, '2023-11-05', 1500.00),
(585, 49, '2023-12-05', 1500.00),
(586, 49, '2024-01-05', 1500.00),
(587, 49, '2024-02-05', 1500.00),
(588, 49, '2024-03-05', 1500.00),
(589, 50, '2023-04-05', 1500.00),
(590, 50, '2023-05-05', 1500.00),
(591, 50, '2023-06-05', 1500.00),
(592, 50, '2023-07-05', 1500.00),
(593, 50, '2023-08-05', 1500.00),
(594, 50, '2023-09-05', 1500.00),
(595, 50, '2023-10-05', 1500.00),
(596, 50, '2023-11-05', 1500.00),
(597, 50, '2023-12-05', 1500.00),
(598, 50, '2024-01-05', 1500.00),
(599, 50, '2024-02-05', 1500.00),
(600, 50, '2024-03-05', 1500.00),
(601, 51, '2023-04-05', 1500.00),
(602, 51, '2023-05-05', 1500.00),
(603, 51, '2023-06-05', 1500.00),
(604, 51, '2023-07-05', 1500.00),
(605, 51, '2023-08-05', 1500.00),
(606, 51, '2023-09-05', 1500.00),
(607, 51, '2023-10-05', 1500.00),
(608, 51, '2023-11-05', 1500.00),
(609, 51, '2023-12-05', 1500.00),
(610, 51, '2024-01-05', 1500.00),
(611, 51, '2024-02-05', 1500.00),
(612, 51, '2024-03-05', 1500.00),
(613, 52, '2023-04-05', 1500.00),
(614, 52, '2023-05-05', 1500.00),
(615, 52, '2023-06-05', 1500.00),
(616, 52, '2023-07-05', 1500.00),
(617, 52, '2023-08-05', 1500.00),
(618, 52, '2023-09-05', 1500.00),
(619, 52, '2023-10-05', 1500.00),
(620, 52, '2023-11-05', 1500.00),
(621, 52, '2023-12-05', 1500.00),
(622, 52, '2024-01-05', 1500.00),
(623, 52, '2024-02-05', 1500.00),
(624, 52, '2024-03-05', 1500.00),
(625, 53, '2023-04-05', 1500.00),
(626, 53, '2023-05-05', 1500.00),
(627, 53, '2023-06-05', 1500.00),
(628, 53, '2023-07-05', 1500.00),
(629, 53, '2023-08-05', 1500.00),
(630, 53, '2023-09-05', 1500.00),
(631, 53, '2023-10-05', 1500.00),
(632, 53, '2023-11-05', 1500.00),
(633, 53, '2023-12-05', 1500.00),
(634, 53, '2024-01-05', 1500.00),
(635, 53, '2024-02-05', 1500.00),
(636, 53, '2024-03-05', 1500.00),
(637, 54, '2023-04-05', 1500.00),
(638, 54, '2023-05-05', 1500.00),
(639, 54, '2023-06-05', 1500.00),
(640, 54, '2023-07-05', 1500.00),
(641, 54, '2023-08-05', 1500.00),
(642, 54, '2023-09-05', 1500.00),
(643, 54, '2023-10-05', 1500.00),
(644, 54, '2023-11-05', 1500.00),
(645, 54, '2023-12-05', 1500.00),
(646, 54, '2024-01-05', 1500.00),
(647, 54, '2024-02-05', 1500.00),
(648, 54, '2024-03-05', 1500.00),
(649, 55, '2023-04-05', 1500.00),
(650, 55, '2023-05-05', 1500.00),
(651, 55, '2023-06-05', 1500.00),
(652, 55, '2023-07-05', 1500.00),
(653, 55, '2023-08-05', 1500.00),
(654, 55, '2023-09-05', 1500.00),
(655, 55, '2023-10-05', 1500.00),
(656, 55, '2023-11-05', 1500.00),
(657, 55, '2023-12-05', 1500.00),
(658, 55, '2024-01-05', 1500.00),
(659, 55, '2024-02-05', 1500.00),
(660, 55, '2024-03-05', 1500.00),
(661, 56, '2023-04-05', 1500.00),
(662, 56, '2023-05-05', 1500.00),
(663, 56, '2023-06-05', 1500.00),
(664, 56, '2023-07-05', 1500.00),
(665, 56, '2023-08-05', 1500.00),
(666, 56, '2023-09-05', 1500.00),
(667, 56, '2023-10-05', 1500.00),
(668, 56, '2023-11-05', 1500.00),
(669, 56, '2023-12-05', 1500.00),
(670, 56, '2024-01-05', 1500.00),
(671, 56, '2024-02-05', 1500.00),
(672, 56, '2024-03-05', 1500.00),
(673, 57, '2023-04-05', 1500.00),
(674, 57, '2023-05-05', 1500.00),
(675, 57, '2023-06-05', 1500.00),
(676, 57, '2023-07-05', 1500.00),
(677, 57, '2023-08-05', 1500.00),
(678, 57, '2023-09-05', 1500.00),
(679, 57, '2023-10-05', 1500.00),
(680, 57, '2023-11-05', 1500.00),
(681, 57, '2023-12-05', 1500.00),
(682, 57, '2024-01-05', 1500.00),
(683, 57, '2024-02-05', 1500.00),
(684, 57, '2024-03-05', 1500.00),
(685, 58, '2023-04-05', 1500.00),
(686, 58, '2023-05-05', 1500.00),
(687, 58, '2023-06-05', 1500.00),
(688, 58, '2023-07-05', 1500.00),
(689, 58, '2023-08-05', 1500.00),
(690, 58, '2023-09-05', 1500.00),
(691, 58, '2023-10-05', 1500.00),
(692, 58, '2023-11-05', 1500.00),
(693, 58, '2023-12-05', 1500.00),
(694, 58, '2024-01-05', 1500.00),
(695, 58, '2024-02-05', 1500.00),
(696, 58, '2024-03-05', 1500.00),
(697, 59, '2023-04-05', 1500.00),
(698, 59, '2023-05-05', 1500.00),
(699, 59, '2023-06-05', 1500.00),
(700, 59, '2023-07-05', 1500.00),
(701, 59, '2023-08-05', 1500.00),
(702, 59, '2023-09-05', 1500.00),
(703, 59, '2023-10-05', 1500.00),
(704, 59, '2023-11-05', 1500.00),
(705, 59, '2023-12-05', 1500.00),
(706, 59, '2024-01-05', 1500.00),
(707, 59, '2024-02-05', 1500.00),
(708, 59, '2024-03-05', 1500.00),
(709, 60, '2023-04-05', 1500.00),
(710, 60, '2023-05-05', 1500.00),
(711, 60, '2023-06-05', 1500.00),
(712, 60, '2023-07-05', 1500.00),
(713, 60, '2023-08-05', 1500.00),
(714, 60, '2023-09-05', 1500.00),
(715, 60, '2023-10-05', 1500.00),
(716, 60, '2023-11-05', 1500.00),
(717, 60, '2023-12-05', 1500.00),
(718, 60, '2024-01-05', 1500.00),
(719, 60, '2024-02-05', 1500.00),
(720, 60, '2024-03-05', 1500.00),
(721, 61, '2023-04-05', 1500.00),
(722, 61, '2023-05-05', 1500.00),
(723, 61, '2023-06-05', 1500.00),
(724, 61, '2023-07-05', 1500.00),
(725, 61, '2023-08-05', 1500.00),
(726, 61, '2023-09-05', 1500.00),
(727, 61, '2023-10-05', 1500.00),
(728, 61, '2023-11-05', 1500.00),
(729, 61, '2023-12-05', 1500.00),
(730, 61, '2024-01-05', 1500.00),
(731, 61, '2024-02-05', 1500.00),
(732, 61, '2024-03-05', 1500.00),
(733, 62, '2023-04-05', 1500.00),
(734, 62, '2023-05-05', 1500.00),
(735, 62, '2023-06-05', 1500.00),
(736, 62, '2023-07-05', 1500.00),
(737, 62, '2023-08-05', 1500.00),
(738, 62, '2023-09-05', 1500.00),
(739, 62, '2023-10-05', 1500.00),
(740, 62, '2023-11-05', 1500.00),
(741, 62, '2023-12-05', 1500.00),
(742, 62, '2024-01-05', 1500.00),
(743, 62, '2024-02-05', 1500.00),
(744, 62, '2024-03-05', 1500.00),
(745, 63, '2023-04-05', 1500.00),
(746, 63, '2023-05-05', 1500.00),
(747, 63, '2023-06-05', 1500.00),
(748, 63, '2023-07-05', 1500.00),
(749, 63, '2023-08-05', 1500.00),
(750, 63, '2023-09-05', 1500.00),
(751, 63, '2023-10-05', 1500.00),
(752, 63, '2023-11-05', 1500.00),
(753, 63, '2023-12-05', 1500.00),
(754, 63, '2024-01-05', 1500.00),
(755, 63, '2024-02-05', 1500.00),
(756, 63, '2024-03-05', 1500.00),
(757, 64, '2023-04-05', 1500.00),
(758, 64, '2023-05-05', 1500.00),
(759, 64, '2023-06-05', 1500.00),
(760, 64, '2023-07-05', 1500.00),
(761, 64, '2023-08-05', 1500.00),
(762, 64, '2023-09-05', 1500.00),
(763, 64, '2023-10-05', 1500.00),
(764, 64, '2023-11-05', 1500.00),
(765, 64, '2023-12-05', 1500.00),
(766, 64, '2024-01-05', 1500.00),
(767, 64, '2024-02-05', 1500.00),
(768, 64, '2024-03-05', 1500.00),
(769, 65, '2023-04-05', 1500.00),
(770, 65, '2023-05-05', 1500.00),
(771, 65, '2023-06-05', 1500.00),
(772, 65, '2023-07-05', 1500.00),
(773, 65, '2023-08-05', 1500.00),
(774, 65, '2023-09-05', 1500.00),
(775, 65, '2023-10-05', 1500.00),
(776, 65, '2023-11-05', 1500.00),
(777, 65, '2023-12-05', 1500.00),
(778, 65, '2024-01-05', 1500.00),
(779, 65, '2024-02-05', 1500.00),
(780, 65, '2024-03-05', 1500.00),
(781, 66, '2023-04-05', 1500.00),
(782, 66, '2023-05-05', 1500.00),
(783, 66, '2023-06-05', 1500.00),
(784, 66, '2023-07-05', 1500.00),
(785, 66, '2023-08-05', 1500.00),
(786, 66, '2023-09-05', 1500.00),
(787, 66, '2023-10-05', 1500.00),
(788, 66, '2023-11-05', 1500.00),
(789, 66, '2023-12-05', 1500.00),
(790, 66, '2024-01-05', 1500.00),
(791, 66, '2024-02-05', 1500.00),
(792, 66, '2024-03-05', 1500.00),
(793, 67, '2023-04-05', 1500.00),
(794, 67, '2023-05-05', 1500.00),
(795, 67, '2023-06-05', 1500.00),
(796, 67, '2023-07-05', 1500.00),
(797, 67, '2023-08-05', 1500.00),
(798, 67, '2023-09-05', 1500.00),
(799, 67, '2023-10-05', 1500.00),
(800, 67, '2023-11-05', 1500.00),
(801, 67, '2023-12-05', 1500.00),
(802, 67, '2024-01-05', 1500.00),
(803, 67, '2024-02-05', 1500.00),
(804, 67, '2024-03-05', 1500.00),
(805, 68, '2023-04-05', 1500.00),
(806, 68, '2023-05-05', 1500.00),
(807, 68, '2023-06-05', 1500.00),
(808, 68, '2023-07-05', 1500.00),
(809, 68, '2023-08-05', 1500.00),
(810, 68, '2023-09-05', 1500.00),
(811, 68, '2023-10-05', 1500.00),
(812, 68, '2023-11-05', 1500.00),
(813, 68, '2023-12-05', 1500.00),
(814, 68, '2024-01-05', 1500.00),
(815, 68, '2024-02-05', 1500.00),
(816, 68, '2024-03-05', 1500.00),
(817, 69, '2023-04-05', 1500.00),
(818, 69, '2023-05-05', 1500.00),
(819, 69, '2023-06-05', 1500.00),
(820, 69, '2023-07-05', 1500.00),
(821, 69, '2023-08-05', 1500.00),
(822, 69, '2023-09-05', 1500.00),
(823, 69, '2023-10-05', 1500.00),
(824, 69, '2023-11-05', 1500.00),
(825, 69, '2023-12-05', 1500.00),
(826, 69, '2024-01-05', 1500.00),
(827, 69, '2024-02-05', 1500.00),
(828, 69, '2024-03-05', 1500.00),
(829, 70, '2023-04-05', 1500.00),
(830, 70, '2023-05-05', 1500.00),
(831, 70, '2023-06-05', 1500.00),
(832, 70, '2023-07-05', 1500.00),
(833, 70, '2023-08-05', 1500.00),
(834, 70, '2023-09-05', 1500.00),
(835, 70, '2023-10-05', 1500.00),
(836, 70, '2023-11-05', 1500.00),
(837, 70, '2023-12-05', 1500.00),
(838, 70, '2024-01-05', 1500.00),
(839, 70, '2024-02-05', 1500.00),
(840, 70, '2024-03-05', 1500.00),
(841, 71, '2023-04-05', 1500.00),
(842, 71, '2023-05-05', 1500.00),
(843, 71, '2023-06-05', 1500.00),
(844, 71, '2023-07-05', 1500.00),
(845, 71, '2023-08-05', 1500.00),
(846, 71, '2023-09-05', 1500.00),
(847, 71, '2023-10-05', 1500.00),
(848, 71, '2023-11-05', 1500.00),
(849, 71, '2023-12-05', 1500.00),
(850, 71, '2024-01-05', 1500.00),
(851, 71, '2024-02-05', 1500.00),
(852, 71, '2024-03-05', 1500.00),
(853, 72, '2023-04-05', 1500.00),
(854, 72, '2023-05-05', 1500.00),
(855, 72, '2023-06-05', 1500.00),
(856, 72, '2023-07-05', 1500.00),
(857, 72, '2023-08-05', 1500.00),
(858, 72, '2023-09-05', 1500.00),
(859, 72, '2023-10-05', 1500.00),
(860, 72, '2023-11-05', 1500.00),
(861, 72, '2023-12-05', 1500.00),
(862, 72, '2024-01-05', 1500.00),
(863, 72, '2024-02-05', 1500.00),
(864, 72, '2024-03-05', 1500.00),
(865, 73, '2023-04-05', 1500.00),
(866, 73, '2023-05-05', 1500.00),
(867, 73, '2023-06-05', 1500.00),
(868, 73, '2023-07-05', 1500.00),
(869, 73, '2023-08-05', 1500.00),
(870, 73, '2023-09-05', 1500.00),
(871, 73, '2023-10-05', 1500.00),
(872, 73, '2023-11-05', 1500.00),
(873, 73, '2023-12-05', 1500.00),
(874, 73, '2024-01-05', 1500.00),
(875, 73, '2024-02-05', 1500.00),
(876, 73, '2024-03-05', 1500.00),
(877, 74, '2023-04-05', 1500.00),
(878, 74, '2023-05-05', 1500.00),
(879, 74, '2023-06-05', 1500.00),
(880, 74, '2023-07-05', 1500.00),
(881, 74, '2023-08-05', 1500.00),
(882, 74, '2023-09-05', 1500.00),
(883, 74, '2023-10-05', 1500.00),
(884, 74, '2023-11-05', 1500.00),
(885, 74, '2023-12-05', 1500.00),
(886, 74, '2024-01-05', 1500.00),
(887, 74, '2024-02-05', 1500.00),
(888, 74, '2024-03-05', 1500.00),
(889, 75, '2023-04-05', 1500.00),
(890, 75, '2023-05-05', 1500.00),
(891, 75, '2023-06-05', 1500.00),
(892, 75, '2023-07-05', 1500.00),
(893, 75, '2023-08-05', 1500.00),
(894, 75, '2023-09-05', 1500.00),
(895, 75, '2023-10-05', 1500.00),
(896, 75, '2023-11-05', 1500.00),
(897, 75, '2023-12-05', 1500.00),
(898, 75, '2024-01-05', 1500.00),
(899, 75, '2024-02-05', 1500.00),
(900, 75, '2024-03-05', 1500.00),
(901, 76, '2023-04-05', 1500.00),
(902, 76, '2023-05-05', 1500.00),
(903, 76, '2023-06-05', 1500.00),
(904, 76, '2023-07-05', 1500.00),
(905, 76, '2023-08-05', 1500.00),
(906, 76, '2023-09-05', 1500.00),
(907, 76, '2023-10-05', 1500.00),
(908, 76, '2023-11-05', 1500.00),
(909, 76, '2023-12-05', 1500.00),
(910, 76, '2024-01-05', 1500.00),
(911, 76, '2024-02-05', 1500.00),
(912, 76, '2024-03-05', 1500.00),
(913, 77, '2023-04-05', 1500.00),
(914, 77, '2023-05-05', 1500.00),
(915, 77, '2023-06-05', 1500.00),
(916, 77, '2023-07-05', 1500.00),
(917, 77, '2023-08-05', 1500.00),
(918, 77, '2023-09-05', 1500.00),
(919, 77, '2023-10-05', 1500.00),
(920, 77, '2023-11-05', 1500.00),
(921, 77, '2023-12-05', 1500.00),
(922, 77, '2024-01-05', 1500.00),
(923, 77, '2024-02-05', 1500.00),
(924, 77, '2024-03-05', 1500.00),
(925, 78, '2023-04-05', 1500.00),
(926, 78, '2023-05-05', 1500.00),
(927, 78, '2023-06-05', 1500.00),
(928, 78, '2023-07-05', 1500.00),
(929, 78, '2023-08-05', 1500.00),
(930, 78, '2023-09-05', 1500.00),
(931, 78, '2023-10-05', 1500.00),
(932, 78, '2023-11-05', 1500.00),
(933, 78, '2023-12-05', 1500.00),
(934, 78, '2024-01-05', 1500.00),
(935, 78, '2024-02-05', 1500.00),
(936, 78, '2024-03-05', 1500.00),
(937, 79, '2023-04-05', 1500.00),
(938, 79, '2023-05-05', 1500.00),
(939, 79, '2023-06-05', 1500.00),
(940, 79, '2023-07-05', 1500.00),
(941, 79, '2023-08-05', 1500.00),
(942, 79, '2023-09-05', 1500.00),
(943, 79, '2023-10-05', 1500.00),
(944, 79, '2023-11-05', 1500.00),
(945, 79, '2023-12-05', 1500.00),
(946, 79, '2024-01-05', 1500.00),
(947, 79, '2024-02-05', 1500.00),
(948, 79, '2024-03-05', 1500.00),
(949, 80, '2023-04-05', 1500.00),
(950, 80, '2023-05-05', 1500.00),
(951, 80, '2023-06-05', 1500.00),
(952, 80, '2023-07-05', 1500.00),
(953, 80, '2023-08-05', 1500.00),
(954, 80, '2023-09-05', 1500.00),
(955, 80, '2023-10-05', 1500.00),
(956, 80, '2023-11-05', 1500.00),
(957, 80, '2023-12-05', 1500.00),
(958, 80, '2024-01-05', 1500.00),
(959, 80, '2024-02-05', 1500.00),
(960, 80, '2024-03-05', 1500.00),
(961, 81, '2023-04-05', 1500.00),
(962, 81, '2023-05-05', 1500.00),
(963, 81, '2023-06-05', 1500.00),
(964, 81, '2023-07-05', 1500.00),
(965, 81, '2023-08-05', 1500.00),
(966, 81, '2023-09-05', 1500.00),
(967, 81, '2023-10-05', 1500.00),
(968, 81, '2023-11-05', 1500.00),
(969, 81, '2023-12-05', 1500.00),
(970, 81, '2024-01-05', 1500.00),
(971, 81, '2024-02-05', 1500.00),
(972, 81, '2024-03-05', 1500.00),
(973, 82, '2023-04-05', 1500.00),
(974, 82, '2023-05-05', 1500.00),
(975, 82, '2023-06-05', 1500.00),
(976, 82, '2023-07-05', 1500.00),
(977, 82, '2023-08-05', 1500.00),
(978, 82, '2023-09-05', 1500.00),
(979, 82, '2023-10-05', 1500.00),
(980, 82, '2023-11-05', 1500.00),
(981, 82, '2023-12-05', 1500.00),
(982, 82, '2024-01-05', 1500.00),
(983, 82, '2024-02-05', 1500.00),
(984, 82, '2024-03-05', 1500.00),
(985, 83, '2023-04-05', 1500.00),
(986, 83, '2023-05-05', 1500.00),
(987, 83, '2023-06-05', 1500.00),
(988, 83, '2023-07-05', 1500.00),
(989, 83, '2023-08-05', 1500.00),
(990, 83, '2023-09-05', 1500.00),
(991, 83, '2023-10-05', 1500.00),
(992, 83, '2023-11-05', 1500.00),
(993, 83, '2023-12-05', 1500.00),
(994, 83, '2024-01-05', 1500.00),
(995, 83, '2024-02-05', 1500.00),
(996, 83, '2024-03-05', 1500.00),
(997, 84, '2023-04-05', 1500.00),
(998, 84, '2023-05-05', 1500.00),
(999, 84, '2023-06-05', 1500.00),
(1000, 84, '2023-07-05', 1500.00),
(1001, 84, '2023-08-05', 1500.00),
(1002, 84, '2023-09-05', 1500.00),
(1003, 84, '2023-10-05', 1500.00),
(1004, 84, '2023-11-05', 1500.00),
(1005, 84, '2023-12-05', 1500.00),
(1006, 84, '2024-01-05', 1500.00),
(1007, 84, '2024-02-05', 1500.00),
(1008, 84, '2024-03-05', 1500.00),
(1009, 85, '2023-04-05', 1500.00),
(1010, 85, '2023-05-05', 1500.00),
(1011, 85, '2023-06-05', 1500.00),
(1012, 85, '2023-07-05', 1500.00),
(1013, 85, '2023-08-05', 1500.00),
(1014, 85, '2023-09-05', 1500.00),
(1015, 85, '2023-10-05', 1500.00),
(1016, 85, '2023-11-05', 1500.00),
(1017, 85, '2023-12-05', 1500.00),
(1018, 85, '2024-01-05', 1500.00),
(1019, 85, '2024-02-05', 1500.00),
(1020, 85, '2024-03-05', 1500.00),
(1021, 86, '2023-04-05', 1500.00),
(1022, 86, '2023-05-05', 1500.00),
(1023, 86, '2023-06-05', 1500.00),
(1024, 86, '2023-07-05', 1500.00),
(1025, 86, '2023-08-05', 1500.00),
(1026, 86, '2023-09-05', 1500.00),
(1027, 86, '2023-10-05', 1500.00),
(1028, 86, '2023-11-05', 1500.00),
(1029, 86, '2023-12-05', 1500.00),
(1030, 86, '2024-01-05', 1500.00),
(1031, 86, '2024-02-05', 1500.00),
(1032, 86, '2024-03-05', 1500.00),
(1033, 87, '2023-04-05', 1500.00),
(1034, 87, '2023-05-05', 1500.00),
(1035, 87, '2023-06-05', 1500.00),
(1036, 87, '2023-07-05', 1500.00),
(1037, 87, '2023-08-05', 1500.00),
(1038, 87, '2023-09-05', 1500.00),
(1039, 87, '2023-10-05', 1500.00),
(1040, 87, '2023-11-05', 1500.00),
(1041, 87, '2023-12-05', 1500.00),
(1042, 87, '2024-01-05', 1500.00),
(1043, 87, '2024-02-05', 1500.00),
(1044, 87, '2024-03-05', 1500.00),
(1045, 88, '2023-04-05', 1500.00),
(1046, 88, '2023-05-05', 1500.00),
(1047, 88, '2023-06-05', 1500.00),
(1048, 88, '2023-07-05', 1500.00),
(1049, 88, '2023-08-05', 1500.00),
(1050, 88, '2023-09-05', 1500.00),
(1051, 88, '2023-10-05', 1500.00),
(1052, 88, '2023-11-05', 1500.00),
(1053, 88, '2023-12-05', 1500.00),
(1054, 88, '2024-01-05', 1500.00),
(1055, 88, '2024-02-05', 1500.00),
(1056, 88, '2024-03-05', 1500.00),
(1057, 89, '2023-04-05', 1500.00),
(1058, 89, '2023-05-05', 1500.00),
(1059, 89, '2023-06-05', 1500.00),
(1060, 89, '2023-07-05', 1500.00),
(1061, 89, '2023-08-05', 1500.00),
(1062, 89, '2023-09-05', 1500.00),
(1063, 89, '2023-10-05', 1500.00),
(1064, 89, '2023-11-05', 1500.00),
(1065, 89, '2023-12-05', 1500.00),
(1066, 89, '2024-01-05', 1500.00),
(1067, 89, '2024-02-05', 1500.00),
(1068, 89, '2024-03-05', 1500.00),
(1069, 90, '2023-04-05', 1500.00),
(1070, 90, '2023-05-05', 1500.00),
(1071, 90, '2023-06-05', 1500.00),
(1072, 90, '2023-07-05', 1500.00),
(1073, 90, '2023-08-05', 1500.00),
(1074, 90, '2023-09-05', 1500.00),
(1075, 90, '2023-10-05', 1500.00),
(1076, 90, '2023-11-05', 1500.00),
(1077, 90, '2023-12-05', 1500.00),
(1078, 90, '2024-01-05', 1500.00),
(1079, 90, '2024-02-05', 1500.00),
(1080, 90, '2024-03-05', 1500.00),
(1081, 91, '2023-04-05', 1500.00),
(1082, 91, '2023-05-05', 1500.00),
(1083, 91, '2023-06-05', 1500.00),
(1084, 91, '2023-07-05', 1500.00),
(1085, 91, '2023-08-05', 1500.00),
(1086, 91, '2023-09-05', 1500.00),
(1087, 91, '2023-10-05', 1500.00),
(1088, 91, '2023-11-05', 1500.00),
(1089, 91, '2023-12-05', 1500.00),
(1090, 91, '2024-01-05', 1500.00),
(1091, 91, '2024-02-05', 1500.00),
(1092, 91, '2024-03-05', 1500.00),
(1093, 92, '2023-04-05', 1500.00),
(1094, 92, '2023-05-05', 1500.00),
(1095, 92, '2023-06-05', 1500.00),
(1096, 92, '2023-07-05', 1500.00),
(1097, 92, '2023-08-05', 1500.00),
(1098, 92, '2023-09-05', 1500.00),
(1099, 92, '2023-10-05', 1500.00),
(1100, 92, '2023-11-05', 1500.00),
(1101, 92, '2023-12-05', 1500.00),
(1102, 92, '2024-01-05', 1500.00),
(1103, 92, '2024-02-05', 1500.00),
(1104, 92, '2024-03-05', 1500.00),
(1105, 93, '2023-04-05', 1500.00),
(1106, 93, '2023-05-05', 1500.00),
(1107, 93, '2023-06-05', 1500.00),
(1108, 93, '2023-07-05', 1500.00),
(1109, 93, '2023-08-05', 1500.00),
(1110, 93, '2023-09-05', 1500.00),
(1111, 93, '2023-10-05', 1500.00),
(1112, 93, '2023-11-05', 1500.00),
(1113, 93, '2023-12-05', 1500.00),
(1114, 93, '2024-01-05', 1500.00),
(1115, 93, '2024-02-05', 1500.00),
(1116, 93, '2024-03-05', 1500.00),
(1117, 94, '2023-04-05', 1500.00),
(1118, 94, '2023-05-05', 1500.00),
(1119, 94, '2023-06-05', 1500.00),
(1120, 94, '2023-07-05', 1500.00),
(1121, 94, '2023-08-05', 1500.00),
(1122, 94, '2023-09-05', 1500.00),
(1123, 94, '2023-10-05', 1500.00),
(1124, 94, '2023-11-05', 1500.00),
(1125, 94, '2023-12-05', 1500.00),
(1126, 94, '2024-01-05', 1500.00),
(1127, 94, '2024-02-05', 1500.00),
(1128, 94, '2024-03-05', 1500.00),
(1129, 95, '2023-04-05', 1500.00),
(1130, 95, '2023-05-05', 1500.00),
(1131, 95, '2023-06-05', 1500.00),
(1132, 95, '2023-07-05', 1500.00),
(1133, 95, '2023-08-05', 1500.00),
(1134, 95, '2023-09-05', 1500.00),
(1135, 95, '2023-10-05', 1500.00),
(1136, 95, '2023-11-05', 1500.00),
(1137, 95, '2023-12-05', 1500.00),
(1138, 95, '2024-01-05', 1500.00),
(1139, 95, '2024-02-05', 1500.00),
(1140, 95, '2024-03-05', 1500.00),
(1141, 96, '2023-04-05', 1500.00),
(1142, 96, '2023-05-05', 1500.00),
(1143, 96, '2023-06-05', 1500.00),
(1144, 96, '2023-07-05', 1500.00),
(1145, 96, '2023-08-05', 1500.00),
(1146, 96, '2023-09-05', 1500.00),
(1147, 96, '2023-10-05', 1500.00),
(1148, 96, '2023-11-05', 1500.00),
(1149, 96, '2023-12-05', 1500.00),
(1150, 96, '2024-01-05', 1500.00),
(1151, 96, '2024-02-05', 1500.00),
(1152, 96, '2024-03-05', 1500.00),
(1153, 97, '2023-04-05', 1500.00),
(1154, 97, '2023-05-05', 1500.00),
(1155, 97, '2023-06-05', 1500.00),
(1156, 97, '2023-07-05', 1500.00),
(1157, 97, '2023-08-05', 1500.00),
(1158, 97, '2023-09-05', 1500.00),
(1159, 97, '2023-10-05', 1500.00),
(1160, 97, '2023-11-05', 1500.00),
(1161, 97, '2023-12-05', 1500.00),
(1162, 97, '2024-01-05', 1500.00),
(1163, 97, '2024-02-05', 1500.00),
(1164, 97, '2024-03-05', 1500.00),
(1165, 98, '2023-04-05', 1500.00),
(1166, 98, '2023-05-05', 1500.00),
(1167, 98, '2023-06-05', 1500.00),
(1168, 98, '2023-07-05', 1500.00),
(1169, 98, '2023-08-05', 1500.00),
(1170, 98, '2023-09-05', 1500.00),
(1171, 98, '2023-10-05', 1500.00),
(1172, 98, '2023-11-05', 1500.00),
(1173, 98, '2023-12-05', 1500.00),
(1174, 98, '2024-01-05', 1500.00),
(1175, 99, '2023-04-05', 1500.00),
(1176, 99, '2023-05-05', 1500.00),
(1177, 99, '2023-06-05', 1500.00),
(1178, 99, '2023-07-05', 1500.00),
(1179, 99, '2023-08-05', 1500.00),
(1180, 99, '2023-09-05', 1500.00),
(1181, 99, '2023-10-05', 1500.00),
(1182, 99, '2023-11-05', 1500.00),
(1183, 99, '2023-12-05', 1500.00),
(1184, 99, '2024-01-05', 1500.00),
(1185, 100, '2023-04-05', 1500.00),
(1186, 100, '2023-05-05', 1500.00),
(1187, 100, '2023-06-05', 1500.00),
(1188, 100, '2023-07-05', 1500.00),
(1189, 100, '2023-08-05', 1500.00),
(1190, 100, '2023-09-05', 1500.00),
(1191, 100, '2023-10-05', 1500.00),
(1192, 100, '2023-11-05', 1500.00),
(1193, 100, '2023-12-05', 1500.00),
(1194, 100, '2024-01-05', 1500.00);

-- --------------------------------------------------------

--
-- Table structure for table `student`
--

CREATE TABLE `student` (
  `id` int NOT NULL,
  `name` varchar(100) COLLATE utf8mb4_general_ci NOT NULL,
  `gender` enum('Male','Female') COLLATE utf8mb4_general_ci NOT NULL,
  `city` varchar(100) COLLATE utf8mb4_general_ci NOT NULL,
  `state` varchar(100) COLLATE utf8mb4_general_ci NOT NULL,
  `class_id` int NOT NULL
) ENGINE=InnoDB DEFAULT CHARSET=utf8mb4 COLLATE=utf8mb4_general_ci;

--
-- Dumping data for table `student`
--

INSERT INTO `student` (`id`, `name`, `gender`, `city`, `state`, `class_id`) VALUES
(1, 'Aarav Sharma', 'Male', 'Mumbai', 'Maharashtra', 1),
(2, 'Ananya Gupta', 'Female', 'Mumbai', 'Maharashtra', 1),
(3, 'Vivaan Kapoor', 'Male', 'Pune', 'Maharashtra', 1),
(4, 'Diya Verma', 'Female', 'Nashik', 'Maharashtra', 1),
(5, 'Arjun Iyer', 'Male', 'Thane', 'Maharashtra', 1),
(6, 'Ishita Desai', 'Female', 'Pune', 'Maharashtra', 1),
(7, 'Kabir Mehta', 'Male', 'Mumbai', 'Maharashtra', 1),
(8, 'Aditi Joshi', 'Female', 'Nagpur', 'Maharashtra', 1),
(9, 'Rohan Shetty', 'Male', 'Thane', 'Maharashtra', 1),
(10, 'Saanvi Patel', 'Female', 'Mumbai', 'Maharashtra', 1),
(11, 'Kavya Nair', 'Female', 'Aurangabad', 'Maharashtra', 1),
(12, 'Dev Mishra', 'Male', 'Mumbai', 'Maharashtra', 1),
(13, 'Aryan Sinha', 'Male', 'Nagpur', 'Maharashtra', 1),
(14, 'Mira Saxena', 'Female', 'Pune', 'Maharashtra', 1),
(15, 'Harsh Jain', 'Male', 'Mumbai', 'Maharashtra', 1),
(16, 'Navya Raj', 'Female', 'Mumbai', 'Maharashtra', 1),
(17, 'Vihaan Rao', 'Male', 'Nashik', 'Maharashtra', 1),
(18, 'Pihu Malhotra', 'Female', 'Mumbai', 'Maharashtra', 1),
(19, 'Kushagra Bhat', 'Male', 'Mumbai', 'Maharashtra', 1),
(20, 'Riya Bhatt', 'Female', 'Pune', 'Maharashtra', 1),
(21, 'Niharika Shah', 'Female', 'Delhi', 'Delhi', 2),
(22, 'Rudra Khanna', 'Male', 'Gurgaon', 'Haryana', 2),
(23, 'Siddharth Agarwal', 'Male', 'Noida', 'Uttar Pradesh', 2),
(24, 'Aanya Singh', 'Female', 'Delhi', 'Delhi', 2),
(25, 'Reyansh Tiwari', 'Male', 'Ghaziabad', 'Uttar Pradesh', 2),
(26, 'Avni Bansal', 'Female', 'Faridabad', 'Haryana', 2),
(27, 'Naman Gupta', 'Male', 'Delhi', 'Delhi', 2),
(28, 'Trisha Arora', 'Female', 'Delhi', 'Delhi', 2),
(29, 'Aditya Chauhan', 'Male', 'Noida', 'Uttar Pradesh', 2),
(30, 'Meera Kapoor', 'Female', 'Delhi', 'Delhi', 2),
(31, 'Raghav Mathur', 'Male', 'Gurgaon', 'Haryana', 2),
(32, 'Shreya Malik', 'Female', 'Noida', 'Uttar Pradesh', 2),
(33, 'Tanishq Verma', 'Male', 'Delhi', 'Delhi', 2),
(34, 'Aarushi Goel', 'Female', 'Faridabad', 'Haryana', 2),
(35, 'Daksh Anand', 'Male', 'Delhi', 'Delhi', 2),
(36, 'Sakshi Jain', 'Female', 'Delhi', 'Delhi', 2),
(37, 'Krish Yadav', 'Male', 'Ghaziabad', 'Uttar Pradesh', 2),
(38, 'Ritika Sharma', 'Female', 'Delhi', 'Delhi', 2),
(39, 'Eshan Chhabra', 'Male', 'Delhi', 'Delhi', 2),
(40, 'Sanya Luthra', 'Female', 'Gurgaon', 'Haryana', 2),
(41, 'Ishaan Kulkarni', 'Male', 'Bangalore', 'Karnataka', 3),
(42, 'Samaira Menon', 'Female', 'Mysore', 'Karnataka', 3),
(43, 'Aarav Rao', 'Male', 'Chennai', 'Tamil Nadu', 3),
(44, 'Krisha Nair', 'Female', 'Kochi', 'Kerala', 3),
(45, 'Omkar Patil', 'Male', 'Hubli', 'Karnataka', 3),
(46, 'Tanvi Iyer', 'Female', 'Bangalore', 'Karnataka', 3),
(47, 'Ritik Deshmukh', 'Male', 'Mysore', 'Karnataka', 3),
(48, 'Jiya Pillai', 'Female', 'Chennai', 'Tamil Nadu', 3),
(49, 'Devansh Reddy', 'Male', 'Bangalore', 'Karnataka', 3),
(50, 'Mahika Shenoy', 'Female', 'Mangalore', 'Karnataka', 3),
(51, 'Veer Srinivasan', 'Male', 'Hyderabad', 'Telangana', 3),
(52, 'Sanjana Shetty', 'Female', 'Kochi', 'Kerala', 3),
(53, 'Atharv Venkatesh', 'Male', 'Bangalore', 'Karnataka', 3),
(54, 'Priya Nambiar', 'Female', 'Mysore', 'Karnataka', 3),
(55, 'Advait Prasad', 'Male', 'Chennai', 'Tamil Nadu', 3),
(56, 'Megha Subramaniam', 'Female', 'Trivandrum', 'Kerala', 3),
(57, 'Aryan Krishna', 'Male', 'Bangalore', 'Karnataka', 3),
(58, 'Anushka Mukherjee', 'Female', 'Chennai', 'Tamil Nadu', 3),
(59, 'Shivam Bhandari', 'Male', 'Hyderabad', 'Telangana', 3),
(60, 'Esha Varma', 'Female', 'Kochi', 'Kerala', 3),
(61, 'Arnav Singh', 'Male', 'Kolkata', 'West Bengal', 4),
(62, 'Siya Bose', 'Female', 'Durgapur', 'West Bengal', 4),
(63, 'Kabir Ghosh', 'Male', 'Howrah', 'West Bengal', 4),
(64, 'Pihu Banerjee', 'Female', 'Siliguri', 'West Bengal', 4),
(65, 'Rudra Sen', 'Male', 'Kolkata', 'West Bengal', 4),
(66, 'Manya Chatterjee', 'Female', 'Asansol', 'West Bengal', 4),
(67, 'Nikhil Das', 'Male', 'Cuttack', 'Odisha', 4),
(68, 'Rhea Mohanty', 'Female', 'Bhubaneswar', 'Odisha', 4),
(69, 'Abhinav Saha', 'Male', 'Kolkata', 'West Bengal', 4),
(70, 'Trisha Dutta', 'Female', 'Howrah', 'West Bengal', 4),
(71, 'Lakshya Mitra', 'Male', 'Kolkata', 'West Bengal', 4),
(72, 'Ira Chakraborty', 'Female', 'Siliguri', 'West Bengal', 4),
(73, 'Dhruv Panigrahi', 'Male', 'Bhubaneswar', 'Odisha', 4),
(74, 'Anika Pati', 'Female', 'Cuttack', 'Odisha', 4),
(75, 'Yug Sengupta', 'Male', 'Kolkata', 'West Bengal', 4),
(76, 'Tanya Kar', 'Female', 'Howrah', 'West Bengal', 4),
(77, 'Aditya Roy', 'Male', 'Durgapur', 'West Bengal', 4),
(78, 'Srishti Giri', 'Female', 'Asansol', 'West Bengal', 4),
(79, 'Arjit Nanda', 'Male', 'Bhubaneswar', 'Odisha', 4),
(80, 'Riya Panda', 'Female', 'Cuttack', 'Odisha', 4),
(81, 'Vihaan Saxena', 'Male', 'Lucknow', 'Uttar Pradesh', 5),
(82, 'Anaya Tripathi', 'Female', 'Kanpur', 'Uttar Pradesh', 5),
(83, 'Yash Mathur', 'Male', 'Varanasi', 'Uttar Pradesh', 5),
(84, 'Saanvi Shukla', 'Female', 'Allahabad', 'Uttar Pradesh', 5),
(85, 'Ishant Gupta', 'Male', 'Lucknow', 'Uttar Pradesh', 5),
(86, 'Mahi Srivastava', 'Female', 'Kanpur', 'Uttar Pradesh', 5),
(87, 'Nirav Dubey', 'Male', 'Varanasi', 'Uttar Pradesh', 5),
(88, 'Avika Sharma', 'Female', 'Lucknow', 'Uttar Pradesh', 5),
(89, 'Arya Yadav', 'Male', 'Jhansi', 'Uttar Pradesh', 5),
(90, 'Prisha Tiwari', 'Female', 'Agra', 'Uttar Pradesh', 5),
(91, 'Arjun Agrawal', 'Male', 'Meerut', 'Uttar Pradesh', 5),
(92, 'Kavya Tomar', 'Female', 'Lucknow', 'Uttar Pradesh', 5),
(93, 'Daksh Bajpai', 'Male', 'Kanpur', 'Uttar Pradesh', 5),
(94, 'Ridhi Verma', 'Female', 'Agra', 'Uttar Pradesh', 5),
(95, 'Shaurya Pandey', 'Male', 'Varanasi', 'Uttar Pradesh', 5),
(96, 'Myra Chauhan', 'Female', 'Lucknow', 'Uttar Pradesh', 5),
(97, 'Aarush Bhardwaj', 'Male', 'Jhansi', 'Uttar Pradesh', 5),
(98, 'Radhika Bansal', 'Female', 'Lucknow', 'Uttar Pradesh', 5),
(99, 'Kian Rastogi', 'Male', 'Kanpur', 'Uttar Pradesh', 5),
(100, 'Aarna Nigam', 'Female', 'Agra', 'Uttar Pradesh', 5);

--
-- Indexes for dumped tables
--

--
-- Indexes for table `class`
--
ALTER TABLE `class`
  ADD PRIMARY KEY (`id`);

--
-- Indexes for table `class_fees`
--
ALTER TABLE `class_fees`
  ADD PRIMARY KEY (`id`),
  ADD KEY `class_id` (`class_id`);

--
-- Indexes for table `fees_submit`
--
ALTER TABLE `fees_submit`
  ADD PRIMARY KEY (`id`),
  ADD KEY `student_id` (`student_id`);

--
-- Indexes for table `student`
--
ALTER TABLE `student`
  ADD PRIMARY KEY (`id`),
  ADD KEY `class_id` (`class_id`);

--
-- AUTO_INCREMENT for dumped tables
--

--
-- AUTO_INCREMENT for table `class`
--
ALTER TABLE `class`
  MODIFY `id` int NOT NULL AUTO_INCREMENT, AUTO_INCREMENT=6;

--
-- AUTO_INCREMENT for table `class_fees`
--
ALTER TABLE `class_fees`
  MODIFY `id` int NOT NULL AUTO_INCREMENT, AUTO_INCREMENT=6;

--
-- AUTO_INCREMENT for table `fees_submit`
--
ALTER TABLE `fees_submit`
  MODIFY `id` int NOT NULL AUTO_INCREMENT, AUTO_INCREMENT=1195;

--
-- AUTO_INCREMENT for table `student`
--
ALTER TABLE `student`
  MODIFY `id` int NOT NULL AUTO_INCREMENT, AUTO_INCREMENT=101;

--
-- Constraints for dumped tables
--

--
-- Constraints for table `class_fees`
--
ALTER TABLE `class_fees`
  ADD CONSTRAINT `class_fees_ibfk_1` FOREIGN KEY (`class_id`) REFERENCES `class` (`id`);

--
-- Constraints for table `fees_submit`
--
ALTER TABLE `fees_submit`
  ADD CONSTRAINT `fees_submit_ibfk_1` FOREIGN KEY (`student_id`) REFERENCES `student` (`id`);

--
-- Constraints for table `student`
--
ALTER TABLE `student`
  ADD CONSTRAINT `student_ibfk_1` FOREIGN KEY (`class_id`) REFERENCES `class` (`id`);
COMMIT;

/*!40101 SET CHARACTER_SET_CLIENT=@OLD_CHARACTER_SET_CLIENT */;
/*!40101 SET CHARACTER_SET_RESULTS=@OLD_CHARACTER_SET_RESULTS */;
/*!40101 SET COLLATION_CONNECTION=@OLD_COLLATION_CONNECTION */;
